"id";"studentId";"uid";"created_at";"updated_at"
1;1901113;"c24438d0";"2025-03-20 12:34:11";"2025-03-20 12:34:11"
2;2301697;"a24f251c";"2025-03-20 12:36:19";"2025-03-20 12:36:19"
3;2101996;"40c95423";"2025-03-20 12:37:21";"2025-03-20 12:37:21"
4;2001225;"c0b64723";"2025-03-20 12:38:18";"2025-03-20 12:38:18"
5;2101355;"7235791c";"2025-03-20 12:38:59";"2025-03-20 12:38:59"
6;2301197;"cd8c01e1";"2025-03-20 12:40:29";"2025-03-20 12:40:29"
7;2301888;"bd9417e0";"2025-03-20 12:42:18";"2025-03-20 12:42:18"
8;2301932;"6d0a01e1";"2025-03-20 12:44:19";"2025-03-20 12:44:19"
9;2301887;"cd43ade0";"2025-03-20 12:45:10";"2025-03-20 12:45:10"
10;2301999;"c27ec01c";"2025-03-20 12:46:20";"2025-03-20 12:46:20"
11;2300790;"52f4691c";"2025-03-20 12:47:04";"2025-03-20 12:47:04"
12;2301638;"fd3d9be0";"2025-03-20 12:48:07";"2025-03-20 12:48:07"
13;2301941;"ad771de0";"2025-03-20 13:05:14";"2025-03-20 13:05:14"
14;2302020;"3d4fe9e0";"2025-03-20 13:06:53";"2025-03-20 13:06:53"
15;2201384;"326d281c";"2025-03-20 13:07:35";"2025-03-20 13:07:35"
16;2101907;"d0944424";"2025-03-20 13:11:10";"2025-03-20 13:11:10"
17;2102183;"d0522324";"2025-03-20 13:12:50";"2025-03-20 13:12:50"
18;1901114;"ad2913e0";"2025-03-20 13:17:39";"2025-03-20 13:17:39"
19;2404321;"224cb41b";"2025-03-20 13:18:27";"2025-03-20 13:18:27"
20;2202025;"4d681ae0";"2025-03-20 13:19:37";"2025-03-20 13:19:37"
21;1900624;"cd5db1e0";"2025-03-20 13:20:38";"2025-03-20 13:20:38"
22;2302207;"f2cda51b";"2025-03-20 13:21:09";"2025-03-20 13:21:09"
23;2302041;"e21f971b";"2025-03-20 13:21:44";"2025-03-20 13:21:44"
24;2302494;"bd9feee0";"2025-03-20 13:22:44";"2025-03-20 13:22:44"
25;2301990;"cdc8e8e0";"2025-03-20 13:23:16";"2025-03-20 13:23:16"
26;2302017;"ed1600e1";"2025-03-20 13:23:54";"2025-03-20 13:23:54"
27;2102400;"dd0c85e0";"2025-03-20 13:24:40";"2025-03-20 13:24:40"
28;1901115;"fd0a01e1";"2025-03-20 13:25:55";"2025-03-20 13:25:55"
29;2300995;"7db68be0";"2025-03-20 13:26:33";"2025-03-20 13:26:33"
30;1901116;"62d2a41b";"2025-03-20 13:27:48";"2025-03-20 13:27:48"
